batalla,winrate_vs_heuristics,epsilon
20,40.0,0.9511698752531668
40,20.0,0.9047241315891249
60,20.0,0.8605463393821575
80,20.0,0.8185257542796961
100,60.0,0.7785570395897229
