batalla,winrate_vs_heuristics,epsilon
1,32.0,0.3258225608337448
2,26.0,0.09181439107814197
3,36.0,0.0266615572133146
4,30.0,0.009994107583211972
5,14.000000000000002,0.009994107583211972
